id,student_id,time,reason
1,admin,2025-05-20 12:11:38.695195,Activated room 115
2,600,2025-05-20 12:11:56.615910,Approved pass 1
3,admin,2025-05-20 12:12:14.313517,Activated room Bathroom
4,600,2025-05-20 12:12:45.286755,IN at Bathroom
5,600,2025-05-20 12:13:20.110562,OUT at Bathroom
6,600,2025-05-20 12:14:05.041865,Returned pass 1 at room
7,admin,2025-05-20 12:14:44.465836,Admin admin logged in successfully
8,admin,2025-05-20 12:15:20.798509,Admin logout
9,admin,2025-05-20 12:16:35.413555,Failed admin login by admin
10,admin,2025-05-20 12:16:41.029557,Admin admin logged in successfully
11,admin,2025-05-20 12:21:14.911235,Deactivated room 115
12,admin,2025-05-20 12:25:23.407660,Activated room 115
13,admin,2025-05-20 12:25:46.230609,Deactivated room 115
14,admin,2025-05-20 12:30:31.709249,Activated room Bathroom
15,admin,2025-05-20 12:30:35.274233,Deactivated room Bathroom
16,admin,2025-05-20 12:31:01.006714,Deactivated room 115
17,admin,2025-05-20 12:39:12.021198,Admin admin logged in successfully
18,admin,2025-05-20 12:39:36.733560,Activated room Bathroom
19,admin,2025-05-20 12:39:51.064404,Removed room Bathroom
20,admin,2025-05-20 12:39:55.816001,Removed room Bathroom
21,admin,2025-05-20 12:40:05.743233,Activated room Bathroom
22,admin,2025-05-20 12:40:07.566225,Deactivated room Bathroom
23,admin,2025-05-20 12:41:44.834737,Admin logout
24,admin,2025-05-20 12:50:52.623506,Admin logout
25,admin,2025-05-20 12:51:17.896935,Admin admin logged in successfully
26,admin,2025-05-20 12:51:25.369827,Activated room 115
27,admin,2025-05-20 12:51:39.751003,Deactivated room 115
28,600,2025-05-20 12:51:42.322300,Attempted to access inactive room: 115
29,admin,2025-05-20 12:51:46.660487,Activated room 155
30,600,2025-05-20 12:51:47.321655,Attempted to access inactive room: 115
31,600,2025-05-20 12:51:52.331798,Attempted to access inactive room: 115
32,600,2025-05-20 12:51:57.332507,Attempted to access inactive room: 115
33,600,2025-05-20 12:52:02.325308,Attempted to access inactive room: 115
34,600,2025-05-20 12:52:05.639844,Attempted to access inactive room: 115
35,admin,2025-05-20 12:52:13.238135,Deactivated room 155
36,admin,2025-05-20 12:52:16.144698,Activated room 115
37,600,2025-05-20 12:52:28.262654,Approved pass 2
38,admin,2025-05-20 12:52:43.991585,Activated room Bathroom
39,600,2025-05-20 12:52:53.244792,IN at Bathroom
40,600,2025-05-20 12:52:58.561030,OUT at Bathroom
41,600,2025-05-20 12:53:22.507160,IN at 115
42,600,2025-05-20 12:53:22.529943,Returned pass 2 at 115
43,admin,2025-05-20 12:53:30.530583,Deactivated room Bathroom
44,admin,2025-05-20 12:53:33.896373,Deactivated room 115
45,600,2025-05-20 12:53:34.014859,Attempted to access inactive room: 115
46,600,2025-05-20 12:53:39.021290,Attempted to access inactive room: 115
47,600,2025-05-20 12:53:44.015934,Attempted to access inactive room: 115
48,600,2025-05-20 12:53:49.027186,Attempted to access inactive room: 115
49,600,2025-05-20 12:53:54.028709,Attempted to access inactive room: 115
50,600,2025-05-20 12:53:59.020426,Attempted to access inactive room: 115
51,600,2025-05-20 12:54:04.025653,Attempted to access inactive room: 115
52,600,2025-05-20 12:54:09.020460,Attempted to access inactive room: 115
53,600,2025-05-20 12:54:14.017986,Attempted to access inactive room: 115
54,600,2025-05-20 12:54:19.020083,Attempted to access inactive room: 115
55,600,2025-05-20 12:54:24.019649,Attempted to access inactive room: 115
56,600,2025-05-20 12:54:29.019801,Attempted to access inactive room: 115
57,600,2025-05-20 12:54:34.019800,Attempted to access inactive room: 115
58,600,2025-05-20 12:54:39.013580,Attempted to access inactive room: 115
59,600,2025-05-20 12:54:41.521392,Attempted to access inactive room: 115
60,600,2025-05-20 13:00:39.734022,Attempted to access inactive room: 115
61,admin,2025-05-20 13:05:46.107862,Deactivated room Bathroom
62,admin,2025-05-20 13:14:57.299100,Admin logout
63,admin,2025-05-20 13:18:35.821926,Admin admin logged in successfully
64,admin,2025-05-20 13:36:09.532371,Activated room 115
65,admin,2025-05-20 13:37:06.271924,Deactivated room 115
66,admin,2025-05-20 13:43:09.463907,Activated room 115
67,admin,2025-05-20 13:43:51.113452,Deactivated room 115
68,admin,2025-05-20 13:45:27.233113,Activated room Bathroom
69,admin,2025-05-20 13:45:28.219085,Activated room Guidance
70,admin,2025-05-20 13:45:29.214822,Activated room Library
71,admin,2025-05-20 13:45:52.530735,Deactivated room Library
72,admin,2025-05-20 13:46:03.881174,Deactivated room Guidance
73,admin,2025-05-20 13:46:04.933562,Deactivated room Bathroom
74,admin,2025-05-20 13:55:22.028509,Activated room Bathroom
75,admin,2025-05-20 13:55:36.424128,Deactivated room Bathroom
76,admin,2025-05-20 14:14:32.984912,Activated room 115
77,admin,2025-05-20 14:14:45.386292,Deactivated room 115
78,admin,2025-05-20 14:37:46.718972,Admin admin logged in successfully
79,admin,2025-05-20 15:00:01.336417,Activated room 115
80,admin,2025-05-20 15:01:24.674769,Deactivated room 115
81,admin,2025-05-20 15:01:30.224790,Activated room 115
82,600,2025-05-20 15:02:07.675687,Approved pass 3
83,admin,2025-05-20 15:02:24.932367,Activated room Bathroom
84,600,2025-05-20 15:02:29.586193,IN at Bathroom
85,600,2025-05-20 15:02:35.233550,OUT at Bathroom
86,600,2025-05-20 15:02:44.406837,IN at 115
87,600,2025-05-20 15:02:44.432359,Returned pass 3 at 115
88,admin,2025-05-20 15:02:57.015495,Deactivated room Bathroom
89,admin,2025-05-20 15:02:57.845318,Deactivated room 115
90,admin,2025-05-20 15:07:01.396324,Activated room 115
91,600,2025-05-20 15:07:22.087373,Approved pass 4
92,admin,2025-05-20 15:07:41.494616,Activated room Bathroom
93,600,2025-05-20 15:07:46.048953,IN at Bathroom
94,600,2025-05-20 15:08:17.341811,OUT at Bathroom
95,600,2025-05-20 15:08:26.479130,IN at Bathroom
96,600,2025-05-20 15:08:29.167796,OUT at Bathroom
97,600,2025-05-20 15:08:39.425351,IN at 115
98,600,2025-05-20 15:08:39.451276,Returned pass 4 at 115
99,admin,2025-05-20 15:08:45.714900,Deactivated room Bathroom
100,admin,2025-05-20 15:08:46.270419,Deactivated room 115
101,600,2025-05-20 15:08:51.241296,Attempted to access inactive room: 115
102,600,2025-05-20 15:15:01.244540,Attempted to access inactive room: 115
103,600,2025-05-20 15:15:05.059747,Attempted to access inactive room: 115
104,admin,2025-05-20 15:15:11.617547,Activated room 115
105,600,2025-05-20 15:15:32.492714,Approved pass 5
106,600,2025-05-20 15:16:08.585737,Returned pass 5 at room
107,600,2025-05-20 15:16:55.360821,Approved pass 6
108,admin,2025-05-20 15:16:59.110992,Activated room Bathroom
109,600,2025-05-20 15:17:15.348822,IN at Bathroom
110,600,2025-05-20 15:17:36.465342,Returned pass 6 at room
111,admin,2025-05-20 15:17:41.105980,Admin logout
112,admin,2025-05-20 15:23:33.979304,Admin admin logged in successfully
113,600,2025-05-20 15:24:29.470218,Approved pass 7
114,admin,2025-05-20 15:26:05.057940,Deactivated room Bathroom
115,admin,2025-05-20 15:26:08.415317,Deactivated room 115
116,600,2025-05-20 15:26:10.503514,Attempted to access inactive room: 115
117,600,2025-05-20 15:26:13.845683,Attempted to access inactive room: 115
118,admin,2025-05-20 15:26:19.683650,Activated room 115
119,600,2025-05-20 15:26:55.596962,Returned pass 7 at room
120,admin,2025-05-20 15:27:21.172173,Deactivated room 115
121,600,2025-05-20 15:27:21.294717,Attempted to access inactive room: 115
122,600,2025-05-20 15:27:26.302382,Attempted to access inactive room: 115
123,600,2025-05-20 15:35:26.293169,Attempted to access inactive room: 115
124,admin,2025-05-20 15:35:31.223688,Activated room 115
125,600,2025-05-20 15:35:43.056005,Approved pass 8
126,admin,2025-05-20 15:35:53.545162,Activated room Bathroom
127,600,2025-05-20 15:35:59.956100,IN at Bathroom
128,600,2025-05-20 15:36:05.869730,OUT at Bathroom
129,600,2025-05-20 15:36:25.224354,IN at 115
130,600,2025-05-20 15:36:25.257509,Returned pass 8 at 115
131,600,2025-05-20 15:42:27.135302,Approved pass 9
132,600,2025-05-20 15:42:34.165695,IN at Bathroom
133,600,2025-05-20 15:43:13.743944,Returned pass 9 at room
134,admin,2025-05-20 15:43:20.026468,Deactivated room Bathroom
135,admin,2025-05-20 15:43:20.791666,Deactivated room 115
136,600,2025-05-20 15:43:22.424779,Attempted to access inactive room: 115
137,600,2025-05-20 15:47:27.437772,Attempted to access inactive room: 115
138,600,2025-05-20 15:47:32.430127,Attempted to access inactive room: 115
139,admin,2025-05-20 15:47:33.480404,Activated room 115
140,600,2025-05-20 15:47:43.040262,Approved pass 10
141,admin,2025-05-20 15:47:46.184067,Activated room Bathroom
142,600,2025-05-20 15:47:49.427010,IN at Bathroom
143,600,2025-05-20 15:48:00.478475,OUT at Bathroom
144,600,2025-05-20 15:48:16.867072,IN at 115
145,600,2025-05-20 15:48:16.890056,Returned pass 10 at 115
